nr;seite;projekttyp;standort;typologie;bauherr;baujahr;bauweise;tiefgarage;gv_m3;gf_m2;hnf_m2;bkp_15_m3_gv;bkp_15_m2_gf;bkp_15_m2_hnf;bkp_2_m3_gv;bkp_2_m2_gf;bkp_2_m2_hnf;bkp_214_m2_gvoi;bkp_214_m2_gfoi;bkp_214_m2_hnf;jahresmietertrag_chf;landanteil;kalk_rendite_pct;co2_bindung_t;anteil_ch_holz
1;45-46;Neubau mit Gewerbe;Kleine/mittlere Zentren;3 Punktbauten 6-geschossig;Privat;2021;Hybrid Rahmenbauweise;Vorhanden;20000-30000;>7500;2500-5000;888;3125;4758;839;2950;4492;202;710;1081;1296000;25-30%;3.82;1000-2500;n.a.
2;47-48;Neubau;Agglomeration kleine/mittlere Zentren;4 Punktbauten 4-geschossig;Privat;2019;Hybrid Massivbauweise;Vorhanden;10000-20000;2500-5000;2500-5000;1394;5610;6460;1218;4899;5641;242;973;1120;778000;15-20%;3.25;<1000;n.a.
3;49-50;Neubau;Agglomeration kleine/mittlere Zentren;Punktbau 4-geschossig;Institutionell;2019;Hybrid Massivbauweise;Nicht vorhanden;1000-10000;1000-2500;1000-2500;1132;3662;6551;940;3040;5439;;;300000;35-40%;2.45;n.a.;100%
4;51-52;Neubau;Kleine/mittlere Zentren;Punktbau 4-geschossig;Privat;2022;Hybrid Rahmenbauweise;Vorhanden;1000-10000;1000-2500;1000-2500;2744;3375;5369;2571;3163;5032;989;1217;1935;376000;20-25%;3.70;<1000;50-75%
5;53-54;Neubau;Grosszentren;Blockrand 6-geschossig;Genossenschaft;2021;Hybrid Rahmenbauweise;Nicht vorhanden;10000-20000;1000-2500;1000-2500;556;3165;4862;538;3507;4709;;;485000;85-90%;3.39;n.a.;n.a.
6;55-56;Neubau;Grosszentren;2 Zeilen 5-geschossig;Genossenschaft;2021;Hybrid Rahmenbauweise;Vorhanden;20000-30000;>7500;5000-7500;1105;3308;5631;1042;3121;5312;168;503;856;1738000;80-85%;3.04;1000-2500;<25%
7;57-58;Neubau;Kleine/mittlere Zentren;2 Zeilen 3-5-geschossig;Institution;2022;Hybrid Rahmenbauweise;Vorhanden;>30000;>7500;>7500;947;3037;4494;890;2853;4222;228;731;1081;2120000;30-35%;3.78;1000-2500;50-75%
8;59-60;Neubau;Agglomeration kleine/mittlere Zentren;3 Punktbauten 5-7-geschossig;Institutionell;2021;Hybrid Rahmenbauweise;Vorhanden;20000-30000;>7500;5000-7500;1047;3316;5643;995;3150;5361;241;762;1296;1333000;30-35%;2.76;1000-2500;75-100%
9;61-62;Neubau mit Gewerbe;Agglomeration Grosszentren;Punktbau 8-geschossig;Institutionell;2022;Hybrid Rahmenbauweise;Vorhanden;1000-10000;2500-5000;1000-2500;1143;3722;4980;1008;3283;4392;226;736;985;461000;40-45%;2.97;<1000;50-75%
10;63-64;Neubau;Peripherie;2 Punktbauten 4-geschossig;Genossenschaft;2021;Hybrid Rahmenbauweise;Vorhanden;10000-20000;2500-5000;1000-2500;1066;3516;6616;1019;3363;6327;277;913;1718;429000;15-20%;2.97;<1000;50-75%
11;65-66;Neubau;Agglomeration kleine/mittlere Zentren;2 Zeilen 3-geschossig 1 Punktbau 5-geschossig;Institution;2020;Hybrid Rahmenbauweise;Vorhanden;20000-30000;5000-7500;2500-5000;1137;2958;5158;1068;2778;4844;304;791;1379;785000;15-20%;3.33;1000-2500;50-75%
12;67-68;Neubau;Agglomeration Grosszentren;12 Punktbauten 3-geschossig;Institutionell;2022;Hybrid Rahmenbauweise;Vorhanden;>30000;>7500;5000-7500;1067;3542;6739;982;3260;6203;;;2309000;75-80%;2.74;2500-5000;75-100%
13;69-70;Neubau;Peripherie;Punktbau 3-geschossig;Genossenschaft;2022;Hybrid Rahmenbauweise;Nicht vorhanden;1000-10000;2500-5000;1000-2500;942;2688;5972;905;2583;5740;214;610;1357;260000;10-15%;3.16;<1000;25-50%
14;71-72;Neubau mit Gewerbe;Agglomeration kleine/mittlere Zentren;Blockrand 6-geschossig;Institutionell;2019;Hybrid Rahmenbauweise;Vorhanden;>30000;>7500;>7500;826;2867;4735;678;2353;3885;101;349;577;7136000;75-80%;2.80;>5000;n.a.
15;73-74;Neubau;Peripherie;4 Punktbauten 3-geschossig;Privat;2019;Hybrid Massivbauweise;Nicht vorhanden;1000-10000;2500-5000;1000-2500;958;2983;5466;877;2730;5001;211;659;1206;397000;10-15%;3.65;<1000;n.a.
16;75-76;Neubau;Agglomeration Grosszentren;Zeile 4-geschossig;Privat;2022;Hybrid Massivbauweise;Vorhanden;10000-20000;1000-2500;1000-2500;975;2962;5123;871;2644;4573;;;379000;35-40%;3.49;<1000;75-100%
17;77-78;Neubau;Agglomeration kleine/mittlere Zentren;Zeile 5-geschossig;Institutionell;2021;Hybrid Massivbauweise;Vorhanden;10000-20000;2500-5000;1000-2500;1201;3796;6567;1129;3571;6177;344;1088;1882;604000;30-35%;2.84;1000-2500;75-100%
18;80-81;Sanierung/Aufstockung mit Gewerbe;Grosszentren;Offener Blockrand;Institutionell;2021;Hybrid Massivbauweise;Nicht vorhanden;10000-20000;2500-5000;1000-2500;901;3017;4085;864;2892;3917;;;1080000;75-80%;2.59;;n.a.
